Cell,Subclass,Ensembl,Gene,Coefficient
BC,BC,ENSMUSG00000002985,Apoe,1.1416275398492635
BC,BC,ENSMUSG00000052305,Hbb-bs,0.8304597097150342
BC,BC,ENSMUSG00000026473,Glul,0.8002137746847995
BC,BC,ENSMUSG00000069919,Hba-a1,0.7356561592541275
BC,BC,ENSMUSG00000069917,Hba-a2,0.7034288634665952
BC,BC,ENSMUSG00000027447,Cst3,0.6188502862412286
BC,BC,ENSMUSG00000073940,Hbb-bt,0.5207951950080743
BC,BC,ENSMUSG00000018593,Sparc,0.413018473260795
BC,BC,ENSMUSG00000049775,Tmsb4x,0.36967260828041204
BC,BC,ENSMUSG00000063524,Eno1,0.346771178797036
BC,BC,ENSMUSG00000052613,Pcdh15,0.3446443796169856
BC,BC,ENSMUSG00000039194,Rlbp1,0.3389716006776817
BC,BC,ENSMUSG00000020704,Asic2,0.3353405333348766
BC,BC,ENSMUSG00000022037,Clu,0.33229757845646085
BC,BC,ENSMUSG00000024661,Fth1,0.3174632546130756
BC,BC,ENSMUSG00000032883,Acsl3,0.31257371538418005
BC,BC,ENSMUSG00000026385,Dbi,0.31034681186994445
BC,BC,ENSMUSG00000029838,Ptn,0.30576148643409984
BC,BC,ENSMUSG00000052387,Trpm3,0.29633576272046075
BC,BC,ENSMUSG00000015090,Ptgds,0.29472819821840807
BC,BC,ENSMUSG00000066392,Nrxn3,-0.4609410492514662
BC,BC,ENSMUSG00000092341,Malat1,-0.4123465048500626
BC,BC,ENSMUSG00000056158,Car10,-0.36592126004469405
BC,BC,ENSMUSG00000090223,Pcp4,-0.3470722679699741
BC,BC,ENSMUSG00000064351,mt-Co1,-0.3391924155906235
BC,BC,ENSMUSG00000072235,Tuba1a,-0.33366107144452933
BC,BC,ENSMUSG00000109394,A230057D06Rik,-0.33244434463939265
BC,BC,ENSMUSG00000004630,Pcp2,-0.2840977067775693
BC,BC,ENSMUSG00000064358,mt-Co3,-0.2784841633405403
BC,BC,ENSMUSG00000022935,Grik1,-0.27613585761035186
BC,BC,ENSMUSG00000037161,Mgarp,-0.27300728617007813
BC,BC,ENSMUSG00000029108,Pcdh7,-0.2725178745424329
BC,BC,ENSMUSG00000064370,mt-Cytb,-0.270684387845941
BC,BC,ENSMUSG00000034912,Mdga2,-0.25452350394931494
BC,BC,ENSMUSG00000022311,Csmd3,-0.2484591843342862
BC,BC,ENSMUSG00000035864,Syt1,-0.23826343014225146
BC,BC,ENSMUSG00000021314,Amph,-0.23784876685863748
BC,BC,ENSMUSG00000032249,Anp32a,-0.23634649552812967
BC,BC,ENSMUSG00000022876,Samsn1,-0.2351792824270909
BC,BC,ENSMUSG00000005649,Cabp5,-0.23227882740699038
BC,BC1A,ENSMUSG00000035566,Pcdh17,1.0830352598953046
BC,BC1A,ENSMUSG00000031558,Slit2,0.6637729834811478
BC,BC1A,ENSMUSG00000017723,Wfdc2,0.4816048277871341
BC,BC1A,ENSMUSG00000057132,Rpgrip1,0.4779369935554227
BC,BC1A,ENSMUSG00000021743,Fezf2,0.434666830247129
BC,BC1A,ENSMUSG00000075330,A930003A15Rik,0.41414787600934067
BC,BC1A,ENSMUSG00000026109,Tmeff2,0.3837964412366793
BC,BC1A,ENSMUSG00000010803,Gabra1,0.37893792821131084
BC,BC1A,ENSMUSG00000022836,Mylk,0.3334987871693533
BC,BC1A,ENSMUSG00000054920,Klhl5,0.3225915744154482
BC,BC1A,ENSMUSG00000029212,Gabrb1,0.3160525555834803
BC,BC1A,ENSMUSG00000046743,Fat4,0.30450414874868825
BC,BC1A,ENSMUSG00000096914,Galntl6,0.30403904069554244
BC,BC1A,ENSMUSG00000030428,Ttyh1,0.2902829542234115
BC,BC1A,ENSMUSG00000053477,Tcf4,0.2880081203801865
BC,BC1A,ENSMUSG00000028172,Tacr3,0.27071582033933284
BC,BC1A,ENSMUSG00000038388,Pals2,0.2622472329415905
BC,BC1A,ENSMUSG00000055865,Tafa3,0.2512658720919114
BC,BC1A,ENSMUSG00000057897,Camk2b,0.25038598106729987
BC,BC1A,ENSMUSG00000021268,Meg3,0.24986730859630088
BC,BC1A,ENSMUSG00000046178,Nxph1,-0.4990966042076239
BC,BC1A,ENSMUSG00000005649,Cabp5,-0.4925193730874551
BC,BC1A,ENSMUSG00000025739,Gng13,-0.47449644676577246
BC,BC1A,ENSMUSG00000030206,Gsg1,-0.44527578301388704
BC,BC1A,ENSMUSG00000050711,Scg2,-0.43762875142770663
BC,BC1A,ENSMUSG00000022935,Grik1,-0.4290928010869455
BC,BC1A,ENSMUSG00000059857,Ntng1,-0.41115093493996774
BC,BC1A,ENSMUSG00000010175,Prox1,-0.3945759990176979
BC,BC1A,ENSMUSG00000036510,Cdh8,-0.374191624164114
BC,BC1A,ENSMUSG00000056596,Trnp1,-0.34371364393189796
BC,BC1A,ENSMUSG00000004630,Pcp2,-0.33562490878733764
BC,BC1A,ENSMUSG00000024084,Qpct,-0.329294548488488
BC,BC1A,ENSMUSG00000092094,Zfp804b,-0.3182194921810383
BC,BC1A,ENSMUSG00000020326,Ccng1,-0.305904412288994
BC,BC1A,ENSMUSG00000008575,Nfib,-0.29628667695123456
BC,BC1A,ENSMUSG00000037593,Rskr,-0.27625999535182444
BC,BC1A,ENSMUSG00000025255,Zfhx4,-0.266111261575194
BC,BC1A,ENSMUSG00000067786,Nnat,-0.26509693711614246
BC,BC1A,ENSMUSG00000055421,Pcdh9,-0.2647102844779093
BC,BC1A,ENSMUSG00000035486,Plk5,-0.26436150464354197
BC,BC1B,ENSMUSG00000046178,Nxph1,0.5437908113160511
BC,BC1B,ENSMUSG00000005649,Cabp5,0.5111489773144485
BC,BC1B,ENSMUSG00000028173,Wls,0.4111022913352627
BC,BC1B,ENSMUSG00000027562,Car2,0.3918583734053244
BC,BC1B,ENSMUSG00000035456,Prdm8,0.389211400346523
BC,BC1B,ENSMUSG00000049100,Pcdh10,0.34343169235733784
BC,BC1B,ENSMUSG00000022762,Ncam2,0.3029128702475396
BC,BC1B,ENSMUSG00000026934,Lhx3,0.2549785135381659
BC,BC1B,ENSMUSG00000110260,Gm30504,0.2469683261167927
BC,BC1B,ENSMUSG00000020326,Ccng1,0.22552886220993834
BC,BC1B,ENSMUSG00000029697,Fezf1,0.20174405284213584
BC,BC1B,ENSMUSG00000024084,Qpct,0.20145104978991782
BC,BC1B,ENSMUSG00000025255,Zfhx4,0.19575608879349998
BC,BC1B,ENSMUSG00000059974,Ntm,0.18575365597952676
BC,BC1B,ENSMUSG00000034912,Mdga2,0.17021465482599607
BC,BC1B,ENSMUSG00000037605,Adgrl3,0.17015501263843336
BC,BC1B,ENSMUSG00000041014,Nrg3,0.17004303421159978
BC,BC1B,ENSMUSG00000052539,Magi3,0.167991541810844
BC,BC1B,ENSMUSG00000039910,Cited2,0.16781183428924346
BC,BC1B,ENSMUSG00000036510,Cdh8,0.16667684816821918
BC,BC1B,ENSMUSG00000057132,Rpgrip1,-0.3498640281194345
BC,BC1B,ENSMUSG00000035566,Pcdh17,-0.3198299394032132
BC,BC1B,ENSMUSG00000025739,Gng13,-0.3169814001561031
BC,BC1B,ENSMUSG00000092094,Zfp804b,-0.3102477187377972
BC,BC1B,ENSMUSG00000090223,Pcp4,-0.3045113916043558
BC,BC1B,ENSMUSG00000030523,Trpm1,-0.29090811917749676
BC,BC1B,ENSMUSG00000056158,Car10,-0.2594299428395094
BC,BC1B,ENSMUSG00000021337,Scgn,-0.25518166618773697
BC,BC1B,ENSMUSG00000061080,Lsamp,-0.24280412919066727
BC,BC1B,ENSMUSG00000064370,mt-Cytb,-0.24161456605139298
BC,BC1B,ENSMUSG00000030206,Gsg1,-0.23032164009949577
BC,BC1B,ENSMUSG00000026468,Lhx4,-0.22307038905184431
BC,BC1B,ENSMUSG00000062151,Unc13c,-0.2043163208810815
BC,BC1B,ENSMUSG00000022935,Grik1,-0.19754872295365145
BC,BC1B,ENSMUSG00000092341,Malat1,-0.18958623665922833
BC,BC1B,ENSMUSG00000064363,mt-Nd4,-0.18685532262244123
BC,BC1B,ENSMUSG00000064341,mt-Nd1,-0.1868050768172736
BC,BC1B,ENSMUSG00000075330,A930003A15Rik,-0.1767318765524446
BC,BC1B,ENSMUSG00000033080,Vsx1,-0.17192924758315814
BC,BC1B,ENSMUSG00000037161,Mgarp,-0.16994314060139187
BC,BC2,ENSMUSG00000050321,Neto1,0.732853662431792
BC,BC2,ENSMUSG00000057098,Ebf1,0.5027282947838861
BC,BC2,ENSMUSG00000096914,Galntl6,0.44506178926130385
BC,BC2,ENSMUSG00000097886,Gsg1l2,0.4359574604071019
BC,BC2,ENSMUSG00000046178,Nxph1,0.4260996298077708
BC,BC2,ENSMUSG00000036510,Cdh8,0.4098444277225204
BC,BC2,ENSMUSG00000027270,Lamp5,0.3571852618095213
BC,BC2,ENSMUSG00000090223,Pcp4,0.3218505536806569
BC,BC2,ENSMUSG00000038370,Pcp4l1,0.31238877501019885
BC,BC2,ENSMUSG00000038805,Six3,0.3091672409861955
BC,BC2,ENSMUSG00000064179,Tnnt1,0.3041943075506164
BC,BC2,ENSMUSG00000033981,Gria2,0.30143143548008455
BC,BC2,ENSMUSG00000019888,Mgat4c,0.295677070024813
BC,BC2,ENSMUSG00000050711,Scg2,0.29446780203499356
BC,BC2,ENSMUSG00000045613,Chrm2,0.2838832830435505
BC,BC2,ENSMUSG00000028172,Tacr3,0.26554478374174173
BC,BC2,ENSMUSG00000025128,Bhlhe22,0.2653101055620259
BC,BC2,ENSMUSG00000025739,Gng13,0.26261613318932436
BC,BC2,ENSMUSG00000025255,Zfhx4,0.2618813383049934
BC,BC2,ENSMUSG00000059173,Pde1a,0.2612196941385543
BC,BC2,ENSMUSG00000005649,Cabp5,-0.49377575754060515
BC,BC2,ENSMUSG00000092341,Malat1,-0.39236889340327735
BC,BC2,ENSMUSG00000079523,Tmsb10,-0.28444703696757817
BC,BC2,ENSMUSG00000103428,Gm20754,-0.27805923248727804
BC,BC2,ENSMUSG00000004630,Pcp2,-0.26111010240613736
BC,BC2,ENSMUSG00000042258,Isl1,-0.25901083906742034
BC,BC2,ENSMUSG00000023439,Gnb3,-0.24845668477224161
BC,BC2,ENSMUSG00000053420,Gm4792,-0.23050697604112202
BC,BC2,ENSMUSG00000035864,Syt1,-0.22289683874818492
BC,BC2,ENSMUSG00000038811,Gngt2,-0.2224997368898302
BC,BC2,ENSMUSG00000030206,Gsg1,-0.21579980761044915
BC,BC2,ENSMUSG00000061080,Lsamp,-0.21578068598796116
BC,BC2,ENSMUSG00000062209,Erbb4,-0.21011586368289215
BC,BC2,ENSMUSG00000019943,Atp2b1,-0.20693034659921414
BC,BC2,ENSMUSG00000032532,Cck,-0.199220707098852
BC,BC2,ENSMUSG00000055865,Tafa3,-0.19670271766259506
BC,BC2,ENSMUSG00000057897,Camk2b,-0.19387635465896852
BC,BC2,ENSMUSG00000039488,Cntn5,-0.19182388130114073
BC,BC2,ENSMUSG00000000617,Grm6,-0.1917370501736973
BC,BC2,ENSMUSG00000027562,Car2,-0.18459872603821606
BC,BC3A,ENSMUSG00000062209,Erbb4,1.1382425097811302
BC,BC3A,ENSMUSG00000022935,Grik1,0.9070663852544587
BC,BC3A,ENSMUSG00000030206,Gsg1,0.8990401077439123
BC,BC3A,ENSMUSG00000005649,Cabp5,0.7644386398876517
BC,BC3A,ENSMUSG00000049252,Lrp1b,0.7219542575211801
BC,BC3A,ENSMUSG00000103428,Gm20754,0.7024499896497931
BC,BC3A,ENSMUSG00000031558,Slit2,0.7006273659686048
BC,BC3A,ENSMUSG00000019943,Atp2b1,0.6821740534707456
BC,BC3A,ENSMUSG00000059742,Kcnh7,0.6804495636713265
BC,BC3A,ENSMUSG00000021337,Scgn,0.6633086446061912
BC,BC3A,ENSMUSG00000059857,Ntng1,0.6473307357708137
BC,BC3A,ENSMUSG00000065947,mt-Nd4l,0.6394387400046901
BC,BC3A,ENSMUSG00000040420,Cdh18,0.6389925135882066
BC,BC3A,ENSMUSG00000050711,Scg2,0.6244848045513078
BC,BC3A,ENSMUSG00000025255,Zfhx4,0.5777827760939146
BC,BC3A,ENSMUSG00000064293,Cntn4,0.5611476098440453
BC,BC3A,ENSMUSG00000038811,Gngt2,0.534024316740078
BC,BC3A,ENSMUSG00000039488,Cntn5,0.5317405316027586
BC,BC3A,ENSMUSG00000070695,Cntnap5a,0.528284012917132
BC,BC3A,ENSMUSG00000004630,Pcp2,0.5279244654972968
BC,BC3A,ENSMUSG00000092341,Malat1,-1.6617133943456739
BC,BC3A,ENSMUSG00000063142,Kcnma1,-1.0173993485958472
BC,BC3A,ENSMUSG00000090223,Pcp4,-0.7740389740209681
BC,BC3A,ENSMUSG00000046178,Nxph1,-0.7618642631856632
BC,BC3A,ENSMUSG00000066392,Nrxn3,-0.7261534467413292
BC,BC3A,ENSMUSG00000052305,Hbb-bs,-0.6947062204161951
BC,BC3A,ENSMUSG00000025739,Gng13,-0.686701345431634
BC,BC3A,ENSMUSG00000069919,Hba-a1,-0.6243361184530197
BC,BC3A,ENSMUSG00000064341,mt-Nd1,-0.6225833206243981
BC,BC3A,ENSMUSG00000096914,Galntl6,-0.6140680973707913
BC,BC3A,ENSMUSG00000069917,Hba-a2,-0.6006316620968422
BC,BC3A,ENSMUSG00000033849,B3galt2,-0.5685462005995623
BC,BC3A,ENSMUSG00000063873,Slc24a3,-0.5130950402052085
BC,BC3A,ENSMUSG00000026109,Tmeff2,-0.4401668265473672
BC,BC3A,ENSMUSG00000098682,Otx2os1,-0.43163503724315067
BC,BC3A,ENSMUSG00000064370,mt-Cytb,-0.42894453298863483
BC,BC3A,ENSMUSG00000022762,Ncam2,-0.4136937768997131
BC,BC3A,ENSMUSG00000074129,Rpl13a,-0.4128443993000572
BC,BC3A,ENSMUSG00000050321,Neto1,-0.41059683487121235
BC,BC3A,ENSMUSG00000057098,Ebf1,-0.40953847555078104
BC,BC3B,ENSMUSG00000022935,Grik1,0.9922821222400622
BC,BC3B,ENSMUSG00000067786,Nnat,0.8982264678060303
BC,BC3B,ENSMUSG00000032036,Kirrel3,0.6917652122229015
BC,BC3B,ENSMUSG00000038811,Gngt2,0.6834729646331315
BC,BC3B,ENSMUSG00000029088,Kcnip4,0.6711630969889666
BC,BC3B,ENSMUSG00000027416,Otor,0.6664466888260346
BC,BC3B,ENSMUSG00000056494,Cngb3,0.5610963940441952
BC,BC3B,ENSMUSG00000005649,Cabp5,0.489059184048526
BC,BC3B,ENSMUSG00000027210,Meis2,0.45264840931586436
BC,BC3B,ENSMUSG00000045871,Slitrk6,0.44800960749012275
BC,BC3B,ENSMUSG00000030206,Gsg1,0.43454642091318807
BC,BC3B,ENSMUSG00000090223,Pcp4,0.41532431499688005
BC,BC3B,ENSMUSG00000039539,Sgcz,0.4092891184471109
BC,BC3B,ENSMUSG00000109803,Gm45604,0.34545733780883214
BC,BC3B,ENSMUSG00000031561,Tenm3,0.33182846791799
BC,BC3B,ENSMUSG00000029663,Gngt1,0.32853648114719974
BC,BC3B,ENSMUSG00000020102,Slc16a7,0.3232929729416022
BC,BC3B,ENSMUSG00000016918,Sulf1,0.32105369672735756
BC,BC3B,ENSMUSG00000066113,Adamtsl1,0.3121754057334886
BC,BC3B,ENSMUSG00000055639,Dach1,0.3009717140196674
BC,BC3B,ENSMUSG00000052305,Hbb-bs,-0.6237310054561804
BC,BC3B,ENSMUSG00000069919,Hba-a1,-0.5499178181191062
BC,BC3B,ENSMUSG00000031558,Slit2,-0.5324288196323483
BC,BC3B,ENSMUSG00000069917,Hba-a2,-0.5298383943877815
BC,BC3B,ENSMUSG00000050711,Scg2,-0.5275140520931372
BC,BC3B,ENSMUSG00000040896,Kcnd3,-0.5017987543636939
BC,BC3B,ENSMUSG00000021337,Scgn,-0.5013145151560908
BC,BC3B,ENSMUSG00000034912,Mdga2,-0.49512049907406896
BC,BC3B,ENSMUSG00000038872,Zfhx3,-0.4816139838124958
BC,BC3B,ENSMUSG00000029245,Epha5,-0.46089776971526386
BC,BC3B,ENSMUSG00000073940,Hbb-bt,-0.4566609604124227
BC,BC3B,ENSMUSG00000022311,Csmd3,-0.45163404055963735
BC,BC3B,ENSMUSG00000062209,Erbb4,-0.45121786840765443
BC,BC3B,ENSMUSG00000004630,Pcp2,-0.43116351061306746
BC,BC3B,ENSMUSG00000010803,Gabra1,-0.40643177477585324
BC,BC3B,ENSMUSG00000001175,Calm1,-0.4006600918677833
BC,BC3B,ENSMUSG00000040420,Cdh18,-0.3813064344629826
BC,BC3B,ENSMUSG00000019943,Atp2b1,-0.37836020443077034
BC,BC3B,ENSMUSG00000028399,Ptprd,-0.37261266606076515
BC,BC3B,ENSMUSG00000033278,Ptprm,-0.3649308083922179
BC,BC4,ENSMUSG00000040896,Kcnd3,0.43177687992174485
BC,BC4,ENSMUSG00000057132,Rpgrip1,0.42492420261288283
BC,BC4,ENSMUSG00000021337,Scgn,0.3893790806108691
BC,BC4,ENSMUSG00000027966,Col11a1,0.3879213719725608
BC,BC4,ENSMUSG00000022935,Grik1,0.3498919561168139
BC,BC4,ENSMUSG00000038872,Zfhx3,0.34413978518767785
BC,BC4,ENSMUSG00000090223,Pcp4,0.319994104173473
BC,BC4,ENSMUSG00000061080,Lsamp,0.30279043353470964
BC,BC4,ENSMUSG00000085139,A730046J19Rik,0.2895351842584413
BC,BC4,ENSMUSG00000037747,Phyhipl,0.28815533873593857
BC,BC4,ENSMUSG00000029088,Kcnip4,0.2742018879252879
BC,BC4,ENSMUSG00000075330,A930003A15Rik,0.25293404633731675
BC,BC4,ENSMUSG00000069662,Marcks,0.252065069795831
BC,BC4,ENSMUSG00000055865,Tafa3,0.24291068724818005
BC,BC4,ENSMUSG00000008575,Nfib,0.23921718070751533
BC,BC4,ENSMUSG00000051401,Kctd16,0.2270403239291133
BC,BC4,ENSMUSG00000032246,Calml4,0.21607181871323367
BC,BC4,ENSMUSG00000031906,Smpd3,0.21276570469268452
BC,BC4,ENSMUSG00000040258,Nxph4,0.20711720507863063
BC,BC4,ENSMUSG00000074991,Gabrr3,0.20702320924976048
BC,BC4,ENSMUSG00000021268,Meg3,-0.571420977245245
BC,BC4,ENSMUSG00000005649,Cabp5,-0.5253528811667755
BC,BC4,ENSMUSG00000032036,Kirrel3,-0.4682427830363335
BC,BC4,ENSMUSG00000029663,Gngt1,-0.4141395609008029
BC,BC4,ENSMUSG00000027210,Meis2,-0.3960289546486939
BC,BC4,ENSMUSG00000027562,Car2,-0.3932687067201595
BC,BC4,ENSMUSG00000092341,Malat1,-0.3866745218914843
BC,BC4,ENSMUSG00000056494,Cngb3,-0.3415537916372869
BC,BC4,ENSMUSG00000067786,Nnat,-0.3341104390544825
BC,BC4,ENSMUSG00000030523,Trpm1,-0.31997618804356004
BC,BC4,ENSMUSG00000053420,Gm4792,-0.3190603478239745
BC,BC4,ENSMUSG00000030096,Slc6a6,-0.3187246620700642
BC,BC4,ENSMUSG00000023267,Gabrr2,-0.3042707046461156
BC,BC4,ENSMUSG00000030428,Ttyh1,-0.29319515614285674
BC,BC4,ENSMUSG00000038811,Gngt2,-0.2626559111696054
BC,BC4,ENSMUSG00000010175,Prox1,-0.2604174855703339
BC,BC4,ENSMUSG00000031558,Slit2,-0.2524561632631141
BC,BC4,ENSMUSG00000025739,Gng13,-0.25054079236411436
BC,BC4,ENSMUSG00000037852,Cpe,-0.24338794386604573
BC,BC4,ENSMUSG00000063142,Kcnma1,-0.23133614112026427
BC,BC5A,ENSMUSG00000051910,Sox6,1.2180022488538302
BC,BC5A,ENSMUSG00000039488,Cntn5,1.0819766423092252
BC,BC5A,ENSMUSG00000003949,Hlf,0.7631801431843902
BC,BC5A,ENSMUSG00000078591,Hs3st4,0.6521061935684582
BC,BC5A,ENSMUSG00000005649,Cabp5,0.6172219841851905
BC,BC5A,ENSMUSG00000054640,Slc8a1,0.590152591905834
BC,BC5A,ENSMUSG00000029088,Kcnip4,0.5517504385696328
BC,BC5A,ENSMUSG00000028785,Hpca,0.5165664417736477
BC,BC5A,ENSMUSG00000021196,Pfkp,0.5001260603226727
BC,BC5A,ENSMUSG00000004630,Pcp2,0.49731853884818844
BC,BC5A,ENSMUSG00000000617,Grm6,0.4913950716148927
BC,BC5A,ENSMUSG00000086662,BC046251,0.4663788400117831
BC,BC5A,ENSMUSG00000059203,Il1rapl2,0.461059687353017
BC,BC5A,ENSMUSG00000053141,Ptprt,0.432678792344767
BC,BC5A,ENSMUSG00000028565,Nfia,0.41670786813618466
BC,BC5A,ENSMUSG00000026989,Dapl1,0.3987429646807612
BC,BC5A,ENSMUSG00000037996,Slc24a2,0.3779958388089003
BC,BC5A,ENSMUSG00000063887,Nlgn1,0.3583571361123865
BC,BC5A,ENSMUSG00000011171,Vipr2,0.34301266261394614
BC,BC5A,ENSMUSG00000087694,A530058N18Rik_ENSMUSG00000087694,0.33713998754523855
BC,BC5A,ENSMUSG00000032036,Kirrel3,-1.0478523616736963
BC,BC5A,ENSMUSG00000041014,Nrg3,-0.803784483894734
BC,BC5A,ENSMUSG00000030206,Gsg1,-0.6409359673158794
BC,BC5A,ENSMUSG00000052551,Adarb2,-0.5757540020579985
BC,BC5A,ENSMUSG00000034912,Mdga2,-0.5610632127328152
BC,BC5A,ENSMUSG00000002985,Apoe,-0.5568132249994
BC,BC5A,ENSMUSG00000040420,Cdh18,-0.5398073122968977
BC,BC5A,ENSMUSG00000050711,Scg2,-0.5230862813587537
BC,BC5A,ENSMUSG00000052305,Hbb-bs,-0.5178628745733247
BC,BC5A,ENSMUSG00000062151,Unc13c,-0.504566647476017
BC,BC5A,ENSMUSG00000021268,Meg3,-0.495962302421767
BC,BC5A,ENSMUSG00000060780,Lrrtm1,-0.4956519466065763
BC,BC5A,ENSMUSG00000046159,Chrm3,-0.48804670347634005
BC,BC5A,ENSMUSG00000054423,Cadps,-0.477522137743397
BC,BC5A,ENSMUSG00000069919,Hba-a1,-0.4767952189363368
BC,BC5A,ENSMUSG00000069917,Hba-a2,-0.4428840733753652
BC,BC5A,ENSMUSG00000027562,Car2,-0.43234525703805193
BC,BC5A,ENSMUSG00000033080,Vsx1,-0.413923628917096
BC,BC5A,ENSMUSG00000074991,Gabrr3,-0.4090358868692779
BC,BC5A,ENSMUSG00000034647,Ankrd12,-0.3936789635712335
BC,BC5B,ENSMUSG00000029663,Gngt1,0.910340714636471
BC,BC5B,ENSMUSG00000027562,Car2,0.8333615434013829
BC,BC5B,ENSMUSG00000045613,Chrm2,0.7339847974107756
BC,BC5B,ENSMUSG00000005649,Cabp5,0.7336015630967768
BC,BC5B,ENSMUSG00000023978,Prph2,0.7178722930431884
BC,BC5B,ENSMUSG00000090061,Nwd2,0.6628660259696706
BC,BC5B,ENSMUSG00000026610,Esrrg,0.6516614266983832
BC,BC5B,ENSMUSG00000035131,Brinp3,0.6466051960307442
BC,BC5B,ENSMUSG00000049001,Ndnf,0.6190847424742414
BC,BC5B,ENSMUSG00000021779,Thrb,0.6129979634886958
BC,BC5B,ENSMUSG00000050711,Scg2,0.6028459949882063
BC,BC5B,ENSMUSG00000031765,Mt1,0.6022433688496578
BC,BC5B,ENSMUSG00000026163,Sphkap,0.5871382654730675
BC,BC5B,ENSMUSG00000067786,Nnat,0.5570433708159823
BC,BC5B,ENSMUSG00000034731,Dgkh,0.5529502642119176
BC,BC5B,ENSMUSG00000063142,Kcnma1,0.5329747112799523
BC,BC5B,ENSMUSG00000035566,Pcdh17,0.5313403187234214
BC,BC5B,ENSMUSG00000019978,Epb41l2,0.5235980675810485
BC,BC5B,ENSMUSG00000056494,Cngb3,0.5213355260707493
BC,BC5B,ENSMUSG00000025386,Pde6g,0.4781726916913806
BC,BC5B,ENSMUSG00000092083,Kcnb2,-1.4266076699942922
BC,BC5B,ENSMUSG00000052305,Hbb-bs,-1.216310725795116
BC,BC5B,ENSMUSG00000032036,Kirrel3,-1.0498664320174131
BC,BC5B,ENSMUSG00000090223,Pcp4,-1.0424168739173787
BC,BC5B,ENSMUSG00000069919,Hba-a1,-1.0260160396257254
BC,BC5B,ENSMUSG00000069917,Hba-a2,-0.9482521086015847
BC,BC5B,ENSMUSG00000001175,Calm1,-0.9324507250518488
BC,BC5B,ENSMUSG00000073940,Hbb-bt,-0.897349425193033
BC,BC5B,ENSMUSG00000030523,Trpm1,-0.8968970626337949
BC,BC5B,ENSMUSG00000029088,Kcnip4,-0.8806596875322341
BC,BC5B,ENSMUSG00000092341,Malat1,-0.8629872784919319
BC,BC5B,ENSMUSG00000037161,Mgarp,-0.7716104179419914
BC,BC5B,ENSMUSG00000024857,Cabp2,-0.7200295626389831
BC,BC5B,ENSMUSG00000027210,Meis2,-0.6711687582555474
BC,BC5B,ENSMUSG00000019943,Atp2b1,-0.6708285738289697
BC,BC5B,ENSMUSG00000064115,Cadm2,-0.649842693216379
BC,BC5B,ENSMUSG00000061080,Lsamp,-0.6359894710757784
BC,BC5B,ENSMUSG00000037940,Inpp4b,-0.630800059432776
BC,BC5B,ENSMUSG00000032076,Cadm1,-0.6286109636637076
BC,BC5B,ENSMUSG00000049336,Tenm2,-0.6185424177743312
BC,BC5C,ENSMUSG00000004630,Pcp2,0.8604193925751206
BC,BC5C,ENSMUSG00000090223,Pcp4,0.7883671676743702
BC,BC5C,ENSMUSG00000049336,Tenm2,0.750993144307173
BC,BC5C,ENSMUSG00000092083,Kcnb2,0.7130241757753061
BC,BC5C,ENSMUSG00000039488,Cntn5,0.6588463513197329
BC,BC5C,ENSMUSG00000024857,Cabp2,0.6424891814371678
BC,BC5C,ENSMUSG00000060924,Csmd1,0.6263578315993289
BC,BC5C,ENSMUSG00000029088,Kcnip4,0.5727713648667754
BC,BC5C,ENSMUSG00000045648,Vwc2l,0.5117535913273257
BC,BC5C,ENSMUSG00000074991,Gabrr3,0.48848279031763536
BC,BC5C,ENSMUSG00000029663,Gngt1,0.46087959688817864
BC,BC5C,ENSMUSG00000058589,Anks1b,0.4588909261103303
BC,BC5C,ENSMUSG00000037940,Inpp4b,0.45644756510111323
BC,BC5C,ENSMUSG00000033910,Gucy1a1,0.43827103622842384
BC,BC5C,ENSMUSG00000008932,Slc1a7,0.4079861588013199
BC,BC5C,ENSMUSG00000030206,Gsg1,0.40773670402295253
BC,BC5C,ENSMUSG00000057378,Ryr3,0.4076990415509158
BC,BC5C,ENSMUSG00000064293,Cntn4,0.4059817608762492
BC,BC5C,ENSMUSG00000017493,Igfbp4,0.4029212947061314
BC,BC5C,ENSMUSG00000029378,Areg,0.40270849546830156
BC,BC5C,ENSMUSG00000005649,Cabp5,-0.8292578421616986
BC,BC5C,ENSMUSG00000029108,Pcdh7,-0.6579261193066908
BC,BC5C,ENSMUSG00000026610,Esrrg,-0.5987990096866479
BC,BC5C,ENSMUSG00000028565,Nfia,-0.5856188618149476
BC,BC5C,ENSMUSG00000022935,Grik1,-0.5021166356199552
BC,BC5C,ENSMUSG00000092341,Malat1,-0.48288732438347
BC,BC5C,ENSMUSG00000021098,4930447C04Rik,-0.45257048761149926
BC,BC5C,ENSMUSG00000049001,Ndnf,-0.44916407762053256
BC,BC5C,ENSMUSG00000045103,Dmd,-0.4448163158499333
BC,BC5C,ENSMUSG00000041014,Nrg3,-0.42653454056644663
BC,BC5C,ENSMUSG00000030096,Slc6a6,-0.4252941292651644
BC,BC5C,ENSMUSG00000091537,Tma7,-0.36988307613442345
BC,BC5C,ENSMUSG00000055421,Pcdh9,-0.36336268842568265
BC,BC5C,ENSMUSG00000064351,mt-Co1,-0.3604468037311776
BC,BC5C,ENSMUSG00000021536,Adcy2,-0.3491760202717791
BC,BC5C,ENSMUSG00000037747,Phyhipl,-0.34639536153967104
BC,BC5C,ENSMUSG00000063142,Kcnma1,-0.3418952779867838
BC,BC5C,ENSMUSG00000035131,Brinp3,-0.3402934762229087
BC,BC5C,ENSMUSG00000021730,Hcn1,-0.3385066038657078
BC,BC5C,ENSMUSG00000037996,Slc24a2,-0.3378082685486826
BC,BC5D,ENSMUSG00000032036,Kirrel3,1.2470177924157408
BC,BC5D,ENSMUSG00000027210,Meis2,0.8082793314501586
BC,BC5D,ENSMUSG00000041014,Nrg3,0.8026091523404233
BC,BC5D,ENSMUSG00000029108,Pcdh7,0.6959184819766832
BC,BC5D,ENSMUSG00000060780,Lrrtm1,0.599364266554224
BC,BC5D,ENSMUSG00000028565,Nfia,0.5448342336659077
BC,BC5D,ENSMUSG00000052551,Adarb2,0.5437766787835931
BC,BC5D,ENSMUSG00000034912,Mdga2,0.49339111900630017
BC,BC5D,ENSMUSG00000060882,Kcnd2,0.47329656345743687
BC,BC5D,ENSMUSG00000019943,Atp2b1,0.4514932990074171
BC,BC5D,ENSMUSG00000027777,Schip1,0.4274964763612604
BC,BC5D,ENSMUSG00000028289,Epha7,0.3883855733205186
BC,BC5D,ENSMUSG00000021730,Hcn1,0.34363622612942046
BC,BC5D,ENSMUSG00000030206,Gsg1,0.33052111756922026
BC,BC5D,ENSMUSG00000064115,Cadm2,0.33009895315442267
BC,BC5D,ENSMUSG00000036800,Fam135b,0.3291535494842066
BC,BC5D,ENSMUSG00000026527,Rgs7,0.3111018446509721
BC,BC5D,ENSMUSG00000046818,Ddit4l,0.30361586737212165
BC,BC5D,ENSMUSG00000029663,Gngt1,0.28855087477933133
BC,BC5D,ENSMUSG00000049583,Grm5,0.2881773730616126
BC,BC5D,ENSMUSG00000063142,Kcnma1,-0.8198808994317628
BC,BC5D,ENSMUSG00000004630,Pcp2,-0.7311717765730972
BC,BC5D,ENSMUSG00000026163,Sphkap,-0.5983584444856663
BC,BC5D,ENSMUSG00000052613,Pcdh15,-0.5865580324522279
BC,BC5D,ENSMUSG00000059203,Il1rapl2,-0.5036091062581747
BC,BC5D,ENSMUSG00000003949,Hlf,-0.49770978516878156
BC,BC5D,ENSMUSG00000000617,Grm6,-0.48299247361582626
BC,BC5D,ENSMUSG00000051910,Sox6,-0.4756887059533436
BC,BC5D,ENSMUSG00000079523,Tmsb10,-0.42991516589063544
BC,BC5D,ENSMUSG00000078591,Hs3st4,-0.40541971207584754
BC,BC5D,ENSMUSG00000052920,Prkg1,-0.4052115635206584
BC,BC5D,ENSMUSG00000025739,Gng13,-0.37208544571487184
BC,BC5D,ENSMUSG00000059974,Ntm,-0.3675725254609341
BC,BC5D,ENSMUSG00000022935,Grik1,-0.34443999827037564
BC,BC5D,ENSMUSG00000035864,Syt1,-0.34128968771289464
BC,BC5D,ENSMUSG00000021337,Scgn,-0.3397233484450689
BC,BC5D,ENSMUSG00000090223,Pcp4,-0.33176327344730294
BC,BC5D,ENSMUSG00000031561,Tenm3,-0.33171673625138354
BC,BC5D,ENSMUSG00000037161,Mgarp,-0.32703392954358645
BC,BC5D,ENSMUSG00000031765,Mt1,-0.31555188258749445
BC,BC6,ENSMUSG00000033278,Ptprm,0.8741404506406187
BC,BC6,ENSMUSG00000058571,Gpc6,0.7524774128322534
BC,BC6,ENSMUSG00000032532,Cck,0.656816414529194
BC,BC6,ENSMUSG00000047161,Chst9,0.5946310576149889
BC,BC6,ENSMUSG00000050711,Scg2,0.592375917792901
BC,BC6,ENSMUSG00000071424,Grid2,0.5139841660290595
BC,BC6,ENSMUSG00000030523,Trpm1,0.5139674286079305
BC,BC6,ENSMUSG00000021337,Scgn,0.4918316217425805
BC,BC6,ENSMUSG00000023439,Gnb3,0.48984514093731885
BC,BC6,ENSMUSG00000098682,Otx2os1,0.47023817700469434
BC,BC6,ENSMUSG00000020444,Guk1,0.45271978096032206
BC,BC6,ENSMUSG00000024084,Qpct,0.45085630947466565
BC,BC6,ENSMUSG00000040420,Cdh18,0.44562846838535847
BC,BC6,ENSMUSG00000039706,Ldb2,0.4369650538333656
BC,BC6,ENSMUSG00000092094,Zfp804b,0.42446218013265236
BC,BC6,ENSMUSG00000041078,Grid1,0.40451756788150545
BC,BC6,ENSMUSG00000038370,Pcp4l1,0.39847099730840607
BC,BC6,ENSMUSG00000057897,Camk2b,0.3859246903078297
BC,BC6,ENSMUSG00000062151,Unc13c,0.37844153427933525
BC,BC6,ENSMUSG00000037940,Inpp4b,0.377650775663297
BC,BC6,ENSMUSG00000064293,Cntn4,-1.071592001780575
BC,BC6,ENSMUSG00000049252,Lrp1b,-0.8809558881824958
BC,BC6,ENSMUSG00000092341,Malat1,-0.8092053792792944
BC,BC6,ENSMUSG00000029108,Pcdh7,-0.7285004201893835
BC,BC6,ENSMUSG00000002985,Apoe,-0.6335934630086889
BC,BC6,ENSMUSG00000090223,Pcp4,-0.612711042387607
BC,BC6,ENSMUSG00000063887,Nlgn1,-0.5887811995515148
BC,BC6,ENSMUSG00000052551,Adarb2,-0.5774937506333961
BC,BC6,ENSMUSG00000055022,Cntn1,-0.5644475300389757
BC,BC6,ENSMUSG00000049775,Tmsb4x,-0.5306118558949681
BC,BC6,ENSMUSG00000061080,Lsamp,-0.5288997226373174
BC,BC6,ENSMUSG00000070695,Cntnap5a,-0.5273873329249431
BC,BC6,ENSMUSG00000027447,Cst3,-0.5214269784638349
BC,BC6,ENSMUSG00000031765,Mt1,-0.5085962435938757
BC,BC6,ENSMUSG00000054728,Phactr1,-0.4810239457127566
BC,BC6,ENSMUSG00000004630,Pcp2,-0.47757232974926367
BC,BC6,ENSMUSG00000026473,Glul,-0.4670802711649081
BC,BC6,ENSMUSG00000046159,Chrm3,-0.4537669303663805
BC,BC6,ENSMUSG00000026872,Zeb2,-0.4526340963434282
BC,BC6,ENSMUSG00000061576,Dpp6,-0.43661041721875743
BC,BC7,ENSMUSG00000059203,Il1rapl2,0.6783834911174741
BC,BC7,ENSMUSG00000079523,Tmsb10,0.6670381246114268
BC,BC7,ENSMUSG00000046159,Chrm3,0.6005360943481731
BC,BC7,ENSMUSG00000033080,Vsx1,0.5571447030949612
BC,BC7,ENSMUSG00000041540,Sox5,0.5228905337126581
BC,BC7,ENSMUSG00000051985,Igfn1,0.49601894656623496
BC,BC7,ENSMUSG00000004630,Pcp2,0.48638853613079774
BC,BC7,ENSMUSG00000078591,Hs3st4,0.46471705890292136
BC,BC7,ENSMUSG00000021536,Adcy2,0.41948291383403136
BC,BC7,ENSMUSG00000025370,Cdh9,0.41858495464944157
BC,BC7,ENSMUSG00000055421,Pcdh9,0.36757190765217346
BC,BC7,ENSMUSG00000027827,Kcnab1,0.3629998697898121
BC,BC7,ENSMUSG00000026193,Fn1,0.35410089824014573
BC,BC7,ENSMUSG00000004347,Pde1c,0.35103409128229335
BC,BC7,ENSMUSG00000103428,Gm20754,0.34900999800700366
BC,BC7,ENSMUSG00000021268,Meg3,0.3452410950643222
BC,BC7,ENSMUSG00000058056,Palld,0.33233024624837876
BC,BC7,ENSMUSG00000023267,Gabrr2,0.31787932381377504
BC,BC7,ENSMUSG00000059810,Rgs3,0.3057611833660119
BC,BC7,ENSMUSG00000049001,Ndnf,0.2972632207150195
BC,BC7,ENSMUSG00000039488,Cntn5,-0.9008042826624698
BC,BC7,ENSMUSG00000005649,Cabp5,-0.6213727486991859
BC,BC7,ENSMUSG00000052305,Hbb-bs,-0.6040239021308762
BC,BC7,ENSMUSG00000049252,Lrp1b,-0.5508615170546749
BC,BC7,ENSMUSG00000069919,Hba-a1,-0.5300952716116557
BC,BC7,ENSMUSG00000069917,Hba-a2,-0.5170157603594194
BC,BC7,ENSMUSG00000045103,Dmd,-0.5034569115063066
BC,BC7,ENSMUSG00000052551,Adarb2,-0.4905376521437328
BC,BC7,ENSMUSG00000054640,Slc8a1,-0.4669343263014564
BC,BC7,ENSMUSG00000040037,Negr1,-0.44120940509569706
BC,BC7,ENSMUSG00000029663,Gngt1,-0.43239891790042273
BC,BC7,ENSMUSG00000001175,Calm1,-0.41535009008710044
BC,BC7,ENSMUSG00000059857,Ntng1,-0.398951320752175
BC,BC7,ENSMUSG00000073940,Hbb-bt,-0.3946120685258496
BC,BC7,ENSMUSG00000092341,Malat1,-0.3813526336451591
BC,BC7,ENSMUSG00000038811,Gngt2,-0.37529481282980676
BC,BC7,ENSMUSG00000028289,Epha7,-0.366890779179343
BC,BC7,ENSMUSG00000028565,Nfia,-0.3620827022426522
BC,BC7,ENSMUSG00000057378,Ryr3,-0.361179089602395
BC,BC7,ENSMUSG00000048015,Neurod4,-0.35677775113743515
BC,BC8,ENSMUSG00000022311,Csmd3,0.978482343502679
BC,BC8,ENSMUSG00000029108,Pcdh7,0.669594675027513
BC,BC8,ENSMUSG00000049252,Lrp1b,0.6601977132604965
BC,BC8,ENSMUSG00000110246,C130073E24Rik,0.5231213881801701
BC,BC8,ENSMUSG00000054162,Spock3,0.49909748790587216
BC,BC8,ENSMUSG00000049336,Tenm2,0.4972508142570333
BC,BC8,ENSMUSG00000039419,Cntnap2,0.4482127694178626
BC,BC8,ENSMUSG00000052551,Adarb2,0.4460216289906411
BC,BC8,ENSMUSG00000061080,Lsamp,0.4413988270333002
BC,BC8,ENSMUSG00000028832,Stmn1,0.4340615093538251
BC,BC8,ENSMUSG00000051177,Plcb1,0.41212198639034037
BC,BC8,ENSMUSG00000021010,Npas3,0.3967712683248217
BC,BC8,ENSMUSG00000022340,Sybu,0.3941382734514461
BC,BC8,ENSMUSG00000038418,Egr1,0.36670509395778494
BC,BC8,ENSMUSG00000062991,Nrg1_ENSMUSG00000062991,0.3572576155602805
BC,BC8,ENSMUSG00000003949,Hlf,0.31742937553019784
BC,BC8,ENSMUSG00000045038,Prkce,0.29670125138465425
BC,BC8,ENSMUSG00000020444,Guk1,0.29005505396671394
BC,BC8,ENSMUSG00000110375,Gm45323,0.2771126225165315
BC,BC8,ENSMUSG00000032456,Nmnat3,0.2749714745865565
BC,BC8,ENSMUSG00000027827,Kcnab1,-0.5203670883007903
BC,BC8,ENSMUSG00000092341,Malat1,-0.4802952631837736
BC,BC8,ENSMUSG00000016150,Tenm1,-0.43566862358255165
BC,BC8,ENSMUSG00000030270,Cpne9,-0.43448022205330533
BC,BC8,ENSMUSG00000032036,Kirrel3,-0.4193884645501341
BC,BC8,ENSMUSG00000021337,Scgn,-0.3779214602803862
BC,BC8,ENSMUSG00000059857,Ntng1,-0.36275920769631065
BC,BC8,ENSMUSG00000050711,Scg2,-0.3375320539558919
BC,BC8,ENSMUSG00000059974,Ntm,-0.32701769019635873
BC,BC8,ENSMUSG00000036510,Cdh8,-0.3218700739400259
BC,BC8,ENSMUSG00000092094,Zfp804b,-0.308096892829502
BC,BC8,ENSMUSG00000031558,Slit2,-0.30033931075497894
BC,BC8,ENSMUSG00000052613,Pcdh15,-0.2993919963747212
BC,BC8,ENSMUSG00000066392,Nrxn3,-0.2979200984215809
BC,BC8,ENSMUSG00000004630,Pcp2,-0.29711327201110516
BC,BC8,ENSMUSG00000058571,Gpc6,-0.27799125665553576
BC,BC8,ENSMUSG00000052572,Dlg2,-0.27739509123480766
BC,BC8,ENSMUSG00000074505,Fat3,-0.27261212852455774
BC,BC8,ENSMUSG00000021268,Meg3,-0.2653893650761223
BC,BC8,ENSMUSG00000044042,Fmn1,-0.2640444231862863
BC,BC9,ENSMUSG00000030270,Cpne9,1.0084110326993114
BC,BC9,ENSMUSG00000016150,Tenm1,0.8321490586169934
BC,BC9,ENSMUSG00000027827,Kcnab1,0.6734335537734516
BC,BC9,ENSMUSG00000049252,Lrp1b,0.6322784844134286
BC,BC9,ENSMUSG00000034755,Pcdh11x,0.6246277963592904
BC,BC9,ENSMUSG00000047907,Tshz2,0.5501550550035708
BC,BC9,ENSMUSG00000059187,Tafa1,0.5167398869250326
BC,BC9,ENSMUSG00000044349,Snhg11,0.48596300178319507
BC,BC9,ENSMUSG00000052727,Map1b,0.45916259968464024
BC,BC9,ENSMUSG00000057132,Rpgrip1,0.4553394121849785
BC,BC9,ENSMUSG00000059146,Ntrk3,0.44279549331805385
BC,BC9,ENSMUSG00000032036,Kirrel3,0.42710174819710434
BC,BC9,ENSMUSG00000038811,Gngt2,0.3901760257550567
BC,BC9,ENSMUSG00000027350,Chgb,0.3495872654554997
BC,BC9,ENSMUSG00000052551,Adarb2,0.30603680964555474
BC,BC9,ENSMUSG00000040452,Cdh12,0.29267227844496746
BC,BC9,ENSMUSG00000037492,Zmat4,0.2877465572057702
BC,BC9,ENSMUSG00000040003,Magi2,0.28475742424521056
BC,BC9,ENSMUSG00000108600,Gm32884,0.27728870074217027
BC,BC9,ENSMUSG00000021098,4930447C04Rik,0.26921519391228266
BC,BC9,ENSMUSG00000049336,Tenm2,-0.8230005004708911
BC,BC9,ENSMUSG00000022311,Csmd3,-0.6470493941235371
BC,BC9,ENSMUSG00000045103,Dmd,-0.5954443862143513
BC,BC9,ENSMUSG00000029108,Pcdh7,-0.5827510662298037
BC,BC9,ENSMUSG00000110246,C130073E24Rik,-0.5770567484069151
BC,BC9,ENSMUSG00000031561,Tenm3,-0.4736064986898587
BC,BC9,ENSMUSG00000034912,Mdga2,-0.44178377481255066
BC,BC9,ENSMUSG00000054162,Spock3,-0.43413413618201613
BC,BC9,ENSMUSG00000037940,Inpp4b,-0.41706766201659173
BC,BC9,ENSMUSG00000028525,Pde4b,-0.39807229597978855
BC,BC9,ENSMUSG00000048015,Neurod4,-0.3747306110358549
BC,BC9,ENSMUSG00000022340,Sybu,-0.35631619118366276
BC,BC9,ENSMUSG00000032625,Thsd7a,-0.3334711162791536
BC,BC9,ENSMUSG00000070866,Zfp804a,-0.324383719643972
BC,BC9,ENSMUSG00000039419,Cntnap2,-0.32414107755303934
BC,BC9,ENSMUSG00000071424,Grid2,-0.3211890180834681
BC,BC9,ENSMUSG00000021301,Hecw1,-0.2981885803036648
BC,BC9,ENSMUSG00000110375,Gm45323,-0.2973157859817565
BC,BC9,ENSMUSG00000021730,Hcn1,-0.286054338047563
BC,BC9,ENSMUSG00000026335,Pam,-0.2854593661913415
BC,RBC,ENSMUSG00000090223,Pcp4,0.9738146491634041
BC,RBC,ENSMUSG00000004630,Pcp2,0.8392225099779749
BC,RBC,ENSMUSG00000064293,Cntn4,0.8232925103953992
BC,RBC,ENSMUSG00000050965,Prkca,0.8212646880128587
BC,RBC,ENSMUSG00000001175,Calm1,0.5693082277834783
BC,RBC,ENSMUSG00000027350,Chgb,0.5010287021794689
BC,RBC,ENSMUSG00000025085,Ablim1,0.4419825301045116
BC,RBC,ENSMUSG00000030523,Trpm1,0.4304174802951316
BC,RBC,ENSMUSG00000026335,Pam,0.40664849662050734
BC,RBC,ENSMUSG00000039629,Strip2,0.3902021604463405
BC,RBC,ENSMUSG00000041685,Fcho2,0.38189778139144476
BC,RBC,ENSMUSG00000037610,Kcnmb2,0.3569429529365109
BC,RBC,ENSMUSG00000041261,Car8,0.35471632023658267
BC,RBC,ENSMUSG00000020728,Cep112,0.349164921661605
BC,RBC,ENSMUSG00000022708,Zbtb20,0.2971957496652785
BC,RBC,ENSMUSG00000103428,Gm20754,0.2882779187314986
BC,RBC,ENSMUSG00000030092,Cntn6,0.28783898495610055
BC,RBC,ENSMUSG00000085794,Vax2os,0.28712278895609356
BC,RBC,ENSMUSG00000022514,Il1rap,0.28361662559381823
BC,RBC,ENSMUSG00000035283,Adrb1,0.28339285673188086
BC,RBC,ENSMUSG00000052305,Hbb-bs,-1.1039623894962207
BC,RBC,ENSMUSG00000069919,Hba-a1,-0.9180295628971723
BC,RBC,ENSMUSG00000069917,Hba-a2,-0.8579216491782634
BC,RBC,ENSMUSG00000073940,Hbb-bt,-0.6146790337003287
BC,RBC,ENSMUSG00000092094,Zfp804b,-0.5082021638683335
BC,RBC,ENSMUSG00000055421,Pcdh9,-0.4804617374580479
BC,RBC,ENSMUSG00000027562,Car2,-0.45094933332738085
BC,RBC,ENSMUSG00000002985,Apoe,-0.4506288460833273
BC,RBC,ENSMUSG00000026163,Sphkap,-0.43556049493897314
BC,RBC,ENSMUSG00000025255,Zfhx4,-0.4339304571210662
BC,RBC,ENSMUSG00000026473,Glul,-0.4307828185363391
BC,RBC,ENSMUSG00000033278,Ptprm,-0.4284764663453871
BC,RBC,ENSMUSG00000022876,Samsn1,-0.4093607179855534
BC,RBC,ENSMUSG00000021337,Scgn,-0.40935642279553247
BC,RBC,ENSMUSG00000029245,Epha5,-0.40560595156365165
BC,RBC,ENSMUSG00000022892,App,-0.4041049976690007
BC,RBC,ENSMUSG00000060534,Dcc,-0.3950733311452783
BC,RBC,ENSMUSG00000071424,Grid2,-0.36822906761023994
BC,RBC,ENSMUSG00000033981,Gria2,-0.3664932039979843
BC,RBC,ENSMUSG00000098682,Otx2os1,-0.36139067483058973
